0,1,accuracy,macro avg,weighted avg
0.6727272727272727,0.6988188976377953,0.6822766570605188,0.685773085182534,0.6848143871490782
0.7946308724832215,0.552099533437014,0.6822766570605188,0.6733652029601178,0.6822766570605188
0.7286153846153847,0.6168549087749783,0.6822766570605188,0.6727351466951814,0.676841619510643
745.0,643.0,0.6822766570605188,1388.0,1388.0
